{"cameraMode":{"drawMode":0,"name":"Shaded","section":"Shading Mode"},"sceneLighting":false,"audioPlay":false,"sceneViewState":{"m_AlwaysRefresh":false,"showFog":true,"showSkybox":false,"showFlares":true,"showImageEffects":true,"showParticleSystems":true,"showVisualEffectGraphs":true,"m_FxEnabled":true},"in2DMode":false,"pivot":{"x":2.4072628021240236,"y":2.3343119621276857,"z":46.46707534790039},"rotation":{"x":0.014165796339511872,"y":-0.9491995573043823,"z":-0.0518718846142292,"w":-0.3120104968547821},"size":1.9065676927566529,"orthographic":false}