{"cameraMode":{"drawMode":0,"name":"Shaded","section":"Shading Mode"},"sceneLighting":false,"audioPlay":false,"sceneViewState":{"m_AlwaysRefresh":false,"showFog":true,"showSkybox":false,"showFlares":true,"showImageEffects":true,"showParticleSystems":true,"showVisualEffectGraphs":true,"m_FxEnabled":true},"in2DMode":false,"pivot":{"x":5.280713081359863,"y":1.107400894165039,"z":1.1136515140533448},"rotation":{"x":-0.11383146047592163,"y":0.04916790872812271,"z":-0.008785109966993332,"w":-0.9928781390190125},"size":2.3592259883880617,"orthographic":false}