{"cameraMode":{"drawMode":0,"name":"Shaded","section":"Shading Mode"},"sceneLighting":false,"audioPlay":false,"sceneViewState":{"m_AlwaysRefresh":false,"showFog":true,"showSkybox":false,"showFlares":true,"showImageEffects":true,"showParticleSystems":true,"showVisualEffectGraphs":true,"m_FxEnabled":true},"in2DMode":false,"pivot":{"x":21.167736053466798,"y":0.5000500082969666,"z":11.269165992736817},"rotation":{"x":-0.11100591719150543,"y":0.6453319787979126,"z":-0.10529393702745438,"w":-0.7495375275611877},"size":0.9869815707206726,"orthographic":false}