{"cameraMode":{"drawMode":0,"name":"Shaded","section":"Shading Mode"},"sceneLighting":false,"audioPlay":false,"sceneViewState":{"m_AlwaysRefresh":false,"showFog":true,"showSkybox":false,"showFlares":true,"showImageEffects":true,"showParticleSystems":true,"showVisualEffectGraphs":true,"m_FxEnabled":true},"in2DMode":false,"pivot":{"x":12.949243545532227,"y":1.779192566871643,"z":13.039750099182129},"rotation":{"x":0.025267712771892549,"y":0.5370146036148071,"z":-0.016748467460274698,"w":0.8433243632316589},"size":1.8075188398361207,"orthographic":false}