{"cameraMode":{"drawMode":0,"name":"Shaded","section":"Shading Mode"},"sceneLighting":true,"audioPlay":false,"sceneViewState":{"m_AlwaysRefresh":false,"showFog":true,"showSkybox":true,"showFlares":true,"showImageEffects":true,"showParticleSystems":true,"showVisualEffectGraphs":true,"m_FxEnabled":true},"in2DMode":false,"pivot":{"x":-2.9607393741607668,"y":3.0184528827667238,"z":-3.1255252361297609},"rotation":{"x":0.08805668354034424,"y":0.2774081528186798,"z":-0.025526858866214753,"w":0.9563854336738586},"size":0.866025447845459,"orthographic":false}