{"cameraMode":{"drawMode":0,"name":"Shaded","section":"Shading Mode"},"sceneLighting":true,"audioPlay":false,"sceneViewState":{"m_AlwaysRefresh":false,"showFog":true,"showSkybox":true,"showFlares":true,"showImageEffects":true,"showParticleSystems":true,"showVisualEffectGraphs":true,"m_FxEnabled":true},"in2DMode":false,"pivot":{"x":-4.034843444824219,"y":3.9149346351623537,"z":87.03348541259766},"rotation":{"x":-0.22730043530464173,"y":0.19920241832733155,"z":-0.055267613381147388,"w":-0.9524975419044495},"size":11.876937866210938,"orthographic":false}